action,old,new,status,time
rename,Amazon 11-01.jpg,HKAmazon 11-01-2026.jpg,ok,2026-04-26 16:16:24
rename,Fluid Colour Effect.png,HKFluid Colour Effect-2026.png,ok,2026-04-26 16:16:24
rename,HKimage 1_20260426_1-2026.jpg,HKHKimage 1_20260426_1-2026-2026.jpg,ok,2026-04-26 16:16:24
rename,HKimage 2 png_20260426_2-2026.png,HKHKimage 2 png_20260426_2-2026-2026.png,ok,2026-04-26 16:16:24
rename,HKpdf file_20260426_3-2026.pdf,HKHKpdf file_20260426_3-2026-2026.pdf,ok,2026-04-26 16:16:24
rename,HKvideo mp4_20260426_4-2026.mp4,HKHKvideo mp4_20260426_4-2026-2026.mp4,ok,2026-04-26 16:16:24
rename,MOV_0135.MP4,HKMOV_0135-2026.MP4,ok,2026-04-26 16:16:24
rename,MOV_0136.MP4,HKMOV_0136-2026.MP4,ok,2026-04-26 16:16:24
rename,MOV_0137.MP4,HKMOV_0137-2026.MP4,ok,2026-04-26 16:16:24
rename,MOV_0138.MP4,HKMOV_0138-2026.MP4,ok,2026-04-26 16:16:24
rename,MOV_0144.MP4,HKMOV_0144-2026.MP4,ok,2026-04-26 16:16:24
rename,office management ad.png,HKoffice management ad-2026.png,ok,2026-04-26 16:16:24
organize,HKAmazon 11-01-2026.jpg,Images\HKAmazon 11-01-2026.jpg,ok,2026-04-26 16:16:39
organize,HKFluid Colour Effect-2026.png,Images\HKFluid Colour Effect-2026.png,ok,2026-04-26 16:16:39
organize,HKHKimage 1_20260426_1-2026-2026.jpg,Images\HKHKimage 1_20260426_1-2026-2026.jpg,ok,2026-04-26 16:16:39
organize,HKHKimage 2 png_20260426_2-2026-2026.png,Images\HKHKimage 2 png_20260426_2-2026-2026.png,ok,2026-04-26 16:16:39
organize,HKHKpdf file_20260426_3-2026-2026.pdf,PDFs\HKHKpdf file_20260426_3-2026-2026.pdf,ok,2026-04-26 16:16:39
organize,HKHKvideo mp4_20260426_4-2026-2026.mp4,Videos\HKHKvideo mp4_20260426_4-2026-2026.mp4,ok,2026-04-26 16:16:39
organize,HKMOV_0135-2026.MP4,Videos\HKMOV_0135-2026.MP4,ok,2026-04-26 16:16:39
organize,HKMOV_0136-2026.MP4,Videos\HKMOV_0136-2026.MP4,ok,2026-04-26 16:16:39
organize,HKMOV_0137-2026.MP4,Videos\HKMOV_0137-2026.MP4,ok,2026-04-26 16:16:39
organize,HKMOV_0138-2026.MP4,Videos\HKMOV_0138-2026.MP4,ok,2026-04-26 16:16:39
organize,HKMOV_0144-2026.MP4,Videos\HKMOV_0144-2026.MP4,ok,2026-04-26 16:16:39
organize,HKoffice management ad-2026.png,Images\HKoffice management ad-2026.png,ok,2026-04-26 16:16:39
